{"cameraMode":{"drawMode":0,"name":"Shaded","section":"Shading Mode"},"sceneLighting":false,"audioPlay":false,"sceneViewState":{"showFog":true,"showMaterialUpdate":false,"showSkybox":false,"showFlares":true,"showImageEffects":true,"showParticleSystems":true},"in2DMode":false,"pivot":{"x":-0.0017321109771728516,"y":0.5283079147338867,"z":-9.876443862915039},"rotation":{"x":0.009076803922653199,"y":0.8208051323890686,"z":-0.013050843961536885,"w":0.5709871649742127},"size":12.992780685424805,"orthographic":true}