{"cameraMode":{"drawMode":0,"name":"Shaded","section":"Shading Mode"},"sceneLighting":false,"audioPlay":false,"sceneViewState":{"showFog":true,"showMaterialUpdate":false,"showSkybox":false,"showFlares":true,"showImageEffects":true,"showParticleSystems":true},"in2DMode":false,"pivot":{"x":-0.11649717390537262,"y":-0.024775639176368715,"z":0.020118340849876405},"rotation":{"x":0.20666158199310304,"y":0.5250341296195984,"z":-0.1331683248281479,"w":0.8147983551025391},"size":2.8578836917877199,"orthographic":true}