{"cameraMode":{"drawMode":0,"name":"Shaded","section":"Shading Mode"},"sceneLighting":true,"audioPlay":false,"sceneViewState":{"showFog":true,"showMaterialUpdate":false,"showSkybox":true,"showFlares":true,"showImageEffects":true,"showParticleSystems":true},"in2DMode":false,"pivot":{"x":-0.15000000596046449,"y":0.800000011920929,"z":-25.700000762939454},"rotation":{"x":-0.2296886444091797,"y":0.07698487490415573,"z":-0.018224986270070077,"w":-0.9700434803962708},"size":3.993065595626831,"orthographic":true}