{"cameraMode":{"drawMode":0,"name":"Shaded","section":"Shading Mode"},"sceneLighting":false,"audioPlay":false,"sceneViewState":{"showFog":true,"showMaterialUpdate":false,"showSkybox":false,"showFlares":true,"showImageEffects":true,"showParticleSystems":true},"in2DMode":false,"pivot":{"x":-0.11649717390537262,"y":-0.024775639176368715,"z":0.020118340849876405},"rotation":{"x":0.18241409957408906,"y":-0.22259549796581269,"z":0.04243715479969978,"w":0.9567525386810303},"size":2.8578836917877199,"orthographic":true}