{"cameraMode":{"drawMode":0,"name":"Shaded","section":"Shading Mode"},"sceneLighting":false,"audioPlay":false,"sceneViewState":{"showFog":true,"showMaterialUpdate":false,"showSkybox":false,"showFlares":true,"showImageEffects":true,"showParticleSystems":true},"in2DMode":false,"pivot":{"x":0.006864011287689209,"y":-0.004799528047442436,"z":-0.7413012981414795},"rotation":{"x":0.16172213852405549,"y":0.805637538433075,"z":-0.25584954023361208,"w":0.5092496275901794},"size":0.27580443024635317,"orthographic":true}