{"cameraMode":{"drawMode":0,"name":"Shaded","section":"Shading Mode"},"sceneLighting":true,"audioPlay":false,"sceneViewState":{"showFog":true,"showMaterialUpdate":false,"showSkybox":true,"showFlares":true,"showImageEffects":true,"showParticleSystems":true},"in2DMode":false,"pivot":{"x":-0.11649718880653382,"y":-0.024775654077529908,"z":0.02011832781136036},"rotation":{"x":-0.13076263666152955,"y":-0.7082132697105408,"z":0.13612867891788484,"w":-0.6802970767021179},"size":81.76581573486328,"orthographic":true}