{"cameraMode":{"drawMode":0,"name":"Shaded","section":"Shading Mode"},"sceneLighting":true,"audioPlay":false,"sceneViewState":{"showFog":true,"showMaterialUpdate":false,"showSkybox":true,"showFlares":true,"showImageEffects":true,"showParticleSystems":true},"in2DMode":false,"pivot":{"x":-0.11649718880653382,"y":-0.024775654077529908,"z":0.02011832781136036},"rotation":{"x":-0.313892126083374,"y":-0.42228126525878909,"z":0.15865783393383027,"w":-0.8354508280754089},"size":81.76581573486328,"orthographic":true}