{"cameraMode":{"drawMode":0,"name":"Shaded","section":"Shading Mode"},"sceneLighting":false,"audioPlay":false,"sceneViewState":{"showFog":true,"showMaterialUpdate":false,"showSkybox":false,"showFlares":true,"showImageEffects":true,"showParticleSystems":true},"in2DMode":false,"pivot":{"x":-0.02369999885559082,"y":-0.036299943923950198,"z":0.9246141910552979},"rotation":{"x":-0.03880399093031883,"y":0.09756571799516678,"z":-0.0038075530901551248,"w":-0.9944650530815125},"size":0.7486744523048401,"orthographic":true}