{"cameraMode":{"drawMode":0,"name":"Shaded","section":"Shading Mode"},"sceneLighting":true,"audioPlay":false,"sceneViewState":{"showFog":true,"showMaterialUpdate":false,"showSkybox":true,"showFlares":true,"showImageEffects":true,"showParticleSystems":true},"in2DMode":false,"pivot":{"x":28.1409912109375,"y":-35.906227111816409,"z":-178.22119140625},"rotation":{"x":-0.03552823141217232,"y":-0.9638245105743408,"z":0.1679287850856781,"w":-0.20391204953193665},"size":96.40266418457031,"orthographic":true}