{"cameraMode":{"drawMode":0,"name":"Shaded","section":"Shading Mode"},"sceneLighting":true,"audioPlay":false,"sceneViewState":{"showFog":true,"showMaterialUpdate":false,"showSkybox":true,"showFlares":true,"showImageEffects":true,"showParticleSystems":true},"in2DMode":false,"pivot":{"x":-16.741270065307618,"y":3.9371514320373537,"z":16.801921844482423},"rotation":{"x":-0.05643782019615173,"y":0.9392408728599548,"z":-0.18843871355056764,"w":-0.28130465745925906},"size":53.22138214111328,"orthographic":true}