{"cameraMode":{"drawMode":0,"name":"Shaded","section":"Shading Mode"},"sceneLighting":true,"audioPlay":false,"sceneViewState":{"showFog":true,"showMaterialUpdate":false,"showSkybox":true,"showFlares":true,"showImageEffects":true,"showParticleSystems":true},"in2DMode":false,"pivot":{"x":82.44799041748047,"y":-4.682901859283447,"z":29.470237731933595},"rotation":{"x":-0.250474214553833,"y":0.18421867489814759,"z":-0.0486079566180706,"w":-0.9491909146308899},"size":203.7781524658203,"orthographic":true}