{"cameraMode":{"drawMode":0,"name":"Shaded","section":"Shading Mode"},"sceneLighting":false,"audioPlay":false,"sceneViewState":{"showFog":true,"showMaterialUpdate":false,"showSkybox":false,"showFlares":true,"showImageEffects":true,"showParticleSystems":true},"in2DMode":false,"pivot":{"x":-0.0017321109771728516,"y":0.5283079147338867,"z":-9.876443862915039},"rotation":{"x":0.031070895493030549,"y":0.8582684993743897,"z":-0.052331067621707919,"w":0.5095795392990112},"size":9.739666938781739,"orthographic":true}