{"cameraMode":{"drawMode":0,"name":"Shaded","section":"Shading Mode"},"sceneLighting":true,"audioPlay":false,"sceneViewState":{"showFog":true,"showMaterialUpdate":false,"showSkybox":true,"showFlares":true,"showImageEffects":true,"showParticleSystems":true},"in2DMode":false,"pivot":{"x":-0.11649718880653382,"y":-0.024775654077529908,"z":0.02011832781136036},"rotation":{"x":0.13530343770980836,"y":0.8417819738388062,"z":-0.24744297564029694,"w":0.4602912366390228},"size":13.527730941772461,"orthographic":true}