{"cameraMode":{"drawMode":0,"name":"Shaded","section":"Shading Mode"},"sceneLighting":true,"audioPlay":false,"sceneViewState":{"showFog":true,"showMaterialUpdate":false,"showSkybox":true,"showFlares":true,"showImageEffects":true,"showParticleSystems":true},"in2DMode":false,"pivot":{"x":-0.18672266602516175,"y":0.11369872093200684,"z":-70.03787231445313},"rotation":{"x":0.0389707051217556,"y":-0.7106454372406006,"z":0.039476342499256137,"w":0.7013601660728455},"size":1.8327484130859376,"orthographic":true}