{"cameraMode":{"drawMode":0,"name":"Shaded","section":"Shading Mode"},"sceneLighting":true,"audioPlay":false,"sceneViewState":{"showFog":true,"showMaterialUpdate":false,"showSkybox":true,"showFlares":true,"showImageEffects":true,"showParticleSystems":true},"in2DMode":false,"pivot":{"x":-0.11649718880653382,"y":-0.024775654077529908,"z":0.02011832781136036},"rotation":{"x":-0.3582119941711426,"y":-0.46063458919525149,"z":0.21036434173583985,"w":-0.7843767404556274},"size":81.76581573486328,"orthographic":true}