{"cameraMode":{"drawMode":0,"name":"Shaded","section":"Shading Mode"},"sceneLighting":true,"audioPlay":false,"sceneViewState":{"showFog":true,"showMaterialUpdate":false,"showSkybox":true,"showFlares":true,"showImageEffects":true,"showParticleSystems":true},"in2DMode":false,"pivot":{"x":186.83033752441407,"y":-69.22264099121094,"z":-56.11112976074219},"rotation":{"x":0.11554047465324402,"y":0.7635740637779236,"z":-0.14249953627586366,"w":0.6191114783287048},"size":189.5236358642578,"orthographic":true}