{"cameraMode":{"drawMode":0,"name":"Shaded","section":"Shading Mode"},"sceneLighting":false,"audioPlay":false,"sceneViewState":{"showFog":true,"showMaterialUpdate":false,"showSkybox":false,"showFlares":true,"showImageEffects":true,"showParticleSystems":true},"in2DMode":false,"pivot":{"x":-0.0017321109771728516,"y":0.523078203201294,"z":-9.79256820678711},"rotation":{"x":-0.006650105584412813,"y":-0.8820099830627441,"z":-0.4710197150707245,"w":0.012434500269591809},"size":16.63709259033203,"orthographic":false}