{"cameraMode":{"drawMode":0,"name":"Shaded","section":"Shading Mode"},"sceneLighting":true,"audioPlay":false,"sceneViewState":{"showFog":true,"showMaterialUpdate":false,"showSkybox":true,"showFlares":true,"showImageEffects":true,"showParticleSystems":true},"in2DMode":false,"pivot":{"x":7.369593143463135,"y":14.724458694458008,"z":-26.398706436157228},"rotation":{"x":0.19469264149665833,"y":0.5328999757766724,"z":-0.12753206491470338,"w":0.8135404586791992},"size":979.141845703125,"orthographic":true}