{"cameraMode":{"drawMode":0,"name":"Shaded","section":"Shading Mode"},"sceneLighting":true,"audioPlay":false,"sceneViewState":{"showFog":true,"showMaterialUpdate":false,"showSkybox":true,"showFlares":true,"showImageEffects":true,"showParticleSystems":true},"in2DMode":false,"pivot":{"x":-0.11649718880653382,"y":-0.024775654077529908,"z":0.02011832781136036},"rotation":{"x":-0.25680240988731387,"y":-0.27090388536453249,"z":0.07523681223392487,"w":-0.924663782119751},"size":122.4312973022461,"orthographic":true}