{"cameraMode":{"drawMode":0,"name":"Shaded","section":"Shading Mode"},"sceneLighting":true,"audioPlay":false,"sceneViewState":{"showFog":true,"showMaterialUpdate":false,"showSkybox":true,"showFlares":true,"showImageEffects":true,"showParticleSystems":true},"in2DMode":false,"pivot":{"x":28.1409912109375,"y":-35.906227111816409,"z":-178.22119140625},"rotation":{"x":-0.045840535312891009,"y":-0.9520809650421143,"z":0.17915795743465424,"w":-0.243604376912117},"size":127.44801330566406,"orthographic":true}