{"cameraMode":{"drawMode":0,"name":"Shaded","section":"Shading Mode"},"sceneLighting":true,"audioPlay":false,"sceneViewState":{"showFog":true,"showMaterialUpdate":false,"showSkybox":true,"showFlares":true,"showImageEffects":true,"showParticleSystems":true},"in2DMode":false,"pivot":{"x":82.44799041748047,"y":-4.682901859283447,"z":29.470237731933595},"rotation":{"x":-0.18328619003295899,"y":0.5324645638465881,"z":-0.1193457543849945,"w":-0.817706823348999},"size":211.93112182617188,"orthographic":true}