{"cameraMode":{"drawMode":0,"name":"Shaded","section":"Shading Mode"},"sceneLighting":false,"audioPlay":false,"sceneViewState":{"showFog":true,"showMaterialUpdate":false,"showSkybox":false,"showFlares":true,"showImageEffects":true,"showParticleSystems":true},"in2DMode":false,"pivot":{"x":-36.76389694213867,"y":7.097164154052734,"z":9.032960891723633},"rotation":{"x":0.00553378090262413,"y":-0.7886698842048645,"z":0.007098032161593437,"w":0.6147510409355164},"size":27.795150756835939,"orthographic":true}