{"cameraMode":{"drawMode":0,"name":"Shaded","section":"Shading Mode"},"sceneLighting":true,"audioPlay":false,"sceneViewState":{"showFog":true,"showMaterialUpdate":false,"showSkybox":true,"showFlares":true,"showImageEffects":true,"showParticleSystems":true},"in2DMode":false,"pivot":{"x":-0.18672266602516175,"y":0.11369872093200684,"z":-70.03787231445313},"rotation":{"x":0.2314123511314392,"y":0.744775652885437,"z":-0.32060369849205019,"w":0.537560224533081},"size":234.8684844970703,"orthographic":true}