{"cameraMode":{"drawMode":0,"name":"Shaded","section":"Shading Mode"},"sceneLighting":true,"audioPlay":false,"sceneViewState":{"showFog":true,"showMaterialUpdate":false,"showSkybox":true,"showFlares":true,"showImageEffects":true,"showParticleSystems":true},"in2DMode":false,"pivot":{"x":-87.14816284179688,"y":-7.669981002807617,"z":-33.24886703491211},"rotation":{"x":-0.14504475891590119,"y":0.6836629509925842,"z":-0.14143559336662293,"w":-0.701115608215332},"size":89.43281555175781,"orthographic":true}